id,path,class
0,dataset/theater_resized/227.jpg,theater
1,dataset/theater_resized/8.jpg,theater
2,dataset/theater_resized/34.jpg,theater
3,dataset/theater_resized/55.jpg,theater
4,dataset/theater_resized/231.jpg,theater
5,dataset/theater_resized/216.jpg,theater
6,dataset/theater_resized/234.jpg,theater
7,dataset/theater_resized/90.jpg,theater
8,dataset/theater_resized/213.jpg,theater
9,dataset/theater_resized/93.jpg,theater
10,dataset/theater_resized/169.jpg,theater
11,dataset/theater_resized/84.jpg,theater
12,dataset/theater_resized/80.jpg,theater
13,dataset/theater_resized/85.jpg,theater
14,dataset/theater_resized/251.jpg,theater
15,dataset/theater_resized/140.JPG,theater
16,dataset/theater_resized/115.jpg,theater
17,dataset/theater_resized/269.jpg,theater
18,dataset/theater_resized/3.jpg,theater
19,dataset/theater_resized/181.jpg,theater
20,dataset/theater_resized/249.jpg,theater
21,dataset/theater_resized/17.jpg,theater
22,dataset/theater_resized/123.jpg,theater
23,dataset/theater_resized/236.jpg,theater
24,dataset/theater_resized/31.jpg,theater
25,dataset/theater_resized/229.jpg,theater
26,dataset/theater_resized/208.jpg,theater
27,dataset/theater_resized/191.jpg,theater
28,dataset/theater_resized/261.jpg,theater
29,dataset/theater_resized/266.jpg,theater
30,dataset/theater_resized/118.jpg,theater
31,dataset/theater_resized/202.jpg,theater
32,dataset/theater_resized/86.jpg,theater
33,dataset/theater_resized/133.jpg,theater
34,dataset/theater_resized/211.jpg,theater
35,dataset/theater_resized/271.jpg,theater
36,dataset/theater_resized/153.jpg,theater
37,dataset/theater_resized/97.jpg,theater
38,dataset/theater_resized/1.jpg,theater
39,dataset/theater_resized/51.jpg,theater
40,dataset/theater_resized/40.jpg,theater
41,dataset/theater_resized/192.jpg,theater
42,dataset/theater_resized/52.jpg,theater
43,dataset/theater_resized/15.jpg,theater
44,dataset/theater_resized/248.jpg,theater
45,dataset/theater_resized/45.jpg,theater
46,dataset/theater_resized/220.jpg,theater
47,dataset/theater_resized/184.jpg,theater
48,dataset/theater_resized/176.jpg,theater
49,dataset/theater_resized/103.jpg,theater
50,dataset/theater_resized/154.jpg,theater
51,dataset/theater_resized/99.jpg,theater
52,dataset/theater_resized/112.jpg,theater
53,dataset/theater_resized/207.jpg,theater
54,dataset/theater_resized/243.jpg,theater
55,dataset/theater_resized/168.jpg,theater
56,dataset/theater_resized/14.jpg,theater
57,dataset/theater_resized/155.jpg,theater
58,dataset/theater_resized/104.jpg,theater
59,dataset/theater_resized/4.jpg,theater
60,dataset/theater_resized/270.jpg,theater
61,dataset/theater_resized/101.jpg,theater
62,dataset/theater_resized/212.jpg,theater
63,dataset/theater_resized/30.jpg,theater
64,dataset/theater_resized/39.jpg,theater
65,dataset/theater_resized/67.jpg,theater
66,dataset/theater_resized/255.jpg,theater
67,dataset/theater_resized/74.jpg,theater
68,dataset/theater_resized/232.jpg,theater
69,dataset/theater_resized/167.jpg,theater
70,dataset/theater_resized/75.jpg,theater
71,dataset/theater_resized/25.jpg,theater
72,dataset/theater_resized/137.jpg,theater
73,dataset/theater_resized/226.jpg,theater
74,dataset/theater_resized/29.jpg,theater
75,dataset/theater_resized/58.jpg,theater
76,dataset/theater_resized/256.jpg,theater
77,dataset/theater_resized/156.jpg,theater
78,dataset/theater_resized/20.jpg,theater
79,dataset/theater_resized/142.jpg,theater
80,dataset/theater_resized/247.jpg,theater
81,dataset/theater_resized/88.jpg,theater
82,dataset/theater_resized/196.jpg,theater
83,dataset/theater_resized/264.jpg,theater
84,dataset/theater_resized/124.jpg,theater
85,dataset/theater_resized/132.jpg,theater
86,dataset/theater_resized/54.jpg,theater
87,dataset/theater_resized/224.jpg,theater
88,dataset/theater_resized/215.jpg,theater
89,dataset/theater_resized/230.jpg,theater
90,dataset/theater_resized/138.JPG,theater
91,dataset/theater_resized/175.jpg,theater
92,dataset/theater_resized/129.jpg,theater
93,dataset/theater_resized/235.jpg,theater
94,dataset/theater_resized/81.jpg,theater
95,dataset/theater_resized/44.jpg,theater
96,dataset/theater_resized/73.jpg,theater
97,dataset/theater_resized/265.jpg,theater
98,dataset/theater_resized/46.jpg,theater
99,dataset/theater_resized/21.jpg,theater
100,dataset/theater_resized/272.jpg,theater
101,dataset/theater_resized/53.jpg,theater
102,dataset/theater_resized/221.jpg,theater
103,dataset/theater_resized/201.jpg,theater
104,dataset/theater_resized/134.jpg,theater
105,dataset/theater_resized/69.jpg,theater
106,dataset/theater_resized/24.jpg,theater
107,dataset/theater_resized/22.jpg,theater
108,dataset/theater_resized/37.jpg,theater
109,dataset/theater_resized/2.jpg,theater
110,dataset/theater_resized/187.jpg,theater
111,dataset/theater_resized/141.jpg,theater
112,dataset/theater_resized/172.jpg,theater
113,dataset/theater_resized/50.jpg,theater
114,dataset/theater_resized/185.jpg,theater
115,dataset/theater_resized/197.jpg,theater
116,dataset/theater_resized/125.jpg,theater
117,dataset/theater_resized/189.jpg,theater
118,dataset/theater_resized/121.jpg,theater
119,dataset/theater_resized/164.jpg,theater
120,dataset/theater_resized/87.jpg,theater
121,dataset/theater_resized/5.jpg,theater
122,dataset/theater_resized/267.jpg,theater
123,dataset/theater_resized/41.jpg,theater
124,dataset/theater_resized/268.jpg,theater
125,dataset/theater_resized/223.jpg,theater
126,dataset/theater_resized/182.jpg,theater
127,dataset/theater_resized/225.jpg,theater
128,dataset/theater_resized/19.jpg,theater
129,dataset/theater_resized/107.jpg,theater
130,dataset/theater_resized/100.jpg,theater
131,dataset/theater_resized/108.jpg,theater
132,dataset/theater_resized/159.jpg,theater
133,dataset/theater_resized/89.jpg,theater
134,dataset/theater_resized/237.jpg,theater
135,dataset/theater_resized/10.jpg,theater
136,dataset/theater_resized/149.jpg,theater
137,dataset/theater_resized/222.jpg,theater
138,dataset/theater_resized/78.jpg,theater
139,dataset/theater_resized/166.jpg,theater
140,dataset/theater_resized/119.jpg,theater
141,dataset/theater_resized/139.jpg,theater
142,dataset/theater_resized/143.jpg,theater
143,dataset/theater_resized/82.jpg,theater
144,dataset/theater_resized/203.jpg,theater
145,dataset/theater_resized/148.JPG,theater
146,dataset/theater_resized/56.jpg,theater
147,dataset/theater_resized/109.jpg,theater
148,dataset/theater_resized/241.jpg,theater
149,dataset/theater_resized/262.jpg,theater
150,dataset/theater_resized/162.jpg,theater
151,dataset/theater_resized/96.jpg,theater
152,dataset/theater_resized/259.jpg,theater
153,dataset/theater_resized/174.jpg,theater
154,dataset/theater_resized/173.jpg,theater
155,dataset/theater_resized/244.jpg,theater
156,dataset/theater_resized/199.jpg,theater
157,dataset/theater_resized/178.jpg,theater
158,dataset/theater_resized/113.jpg,theater
159,dataset/theater_resized/117.jpg,theater
160,dataset/theater_resized/214.jpg,theater
161,dataset/theater_resized/36.jpg,theater
162,dataset/theater_resized/106.jpg,theater
163,dataset/theater_resized/163.jpg,theater
164,dataset/theater_resized/126.jpg,theater
165,dataset/theater_resized/23.jpg,theater
166,dataset/theater_resized/179.jpg,theater
167,dataset/theater_resized/190.jpg,theater
168,dataset/theater_resized/205.jpg,theater
169,dataset/theater_resized/38.jpg,theater
170,dataset/theater_resized/98.jpg,theater
171,dataset/theater_resized/145.jpg,theater
172,dataset/theater_resized/28.jpg,theater
173,dataset/theater_resized/209.jpg,theater
174,dataset/theater_resized/210.jpg,theater
175,dataset/theater_resized/6.jpg,theater
176,dataset/theater_resized/116.jpg,theater
177,dataset/theater_resized/170.jpg,theater
178,dataset/theater_resized/91.jpg,theater
179,dataset/theater_resized/9.jpg,theater
180,dataset/theater_resized/105.jpg,theater
181,dataset/theater_resized/204.jpg,theater
182,dataset/theater_resized/120.jpg,theater
183,dataset/theater_resized/12.jpg,theater
184,dataset/theater_resized/233.jpg,theater
185,dataset/theater_resized/68.jpg,theater
186,dataset/theater_resized/0.jpg,theater
187,dataset/theater_resized/128.jpg,theater
188,dataset/theater_resized/94.jpg,theater
189,dataset/theater_resized/49.jpg,theater
190,dataset/theater_resized/32.jpg,theater
191,dataset/theater_resized/42.jpg,theater
192,dataset/theater_resized/102.jpg,theater
193,dataset/theater_resized/177.jpg,theater
194,dataset/theater_resized/198.jpg,theater
195,dataset/theater_resized/257.jpg,theater
196,dataset/theater_resized/258.jpg,theater
197,dataset/theater_resized/157.JPG,theater
198,dataset/theater_resized/136.jpg,theater
199,dataset/theater_resized/135.jpg,theater
200,dataset/theater_resized/26.jpg,theater
201,dataset/theater_resized/79.jpg,theater
202,dataset/theater_resized/70.jpg,theater
203,dataset/theater_resized/72.jpg,theater
204,dataset/theater_resized/193.JPG,theater
205,dataset/theater_resized/114.jpg,theater
206,dataset/theater_resized/60.JPG,theater
207,dataset/theater_resized/95.jpg,theater
208,dataset/theater_resized/150.jpg,theater
209,dataset/theater_resized/47.jpg,theater
210,dataset/theater_resized/62.jpg,theater
211,dataset/theater_resized/144.jpg,theater
212,dataset/theater_resized/254.jpg,theater
213,dataset/theater_resized/246.jpg,theater
214,dataset/theater_resized/65.jpg,theater
215,dataset/theater_resized/151.jpg,theater
216,dataset/theater_resized/27.jpg,theater
217,dataset/theater_resized/183.jpg,theater
218,dataset/theater_resized/63.jpg,theater
219,dataset/theater_resized/206.jpg,theater
220,dataset/theater_resized/92.jpg,theater
221,dataset/theater_resized/252.jpg,theater
222,dataset/theater_resized/64.jpg,theater
223,dataset/theater_resized/180.jpg,theater
224,dataset/theater_resized/57.jpg,theater
225,dataset/theater_resized/188.jpg,theater
226,dataset/theater_resized/219.jpg,theater
227,dataset/theater_resized/253.jpg,theater
228,dataset/theater_resized/171.jpg,theater
229,dataset/theater_resized/146.jpg,theater
230,dataset/theater_resized/160.jpg,theater
231,dataset/theater_resized/66.jpg,theater
232,dataset/theater_resized/263.jpg,theater
233,dataset/theater_resized/35.jpg,theater
234,dataset/theater_resized/250.jpg,theater
235,dataset/theater_resized/13.jpg,theater
236,dataset/theater_resized/195.jpg,theater
237,dataset/theater_resized/131.jpg,theater
238,dataset/theater_resized/7.jpg,theater
239,dataset/theater_resized/11.jpg,theater
240,dataset/theater_resized/186.jpg,theater
241,dataset/theater_resized/16.jpg,theater
242,dataset/theater_resized/242.jpg,theater
243,dataset/theater_resized/77.jpg,theater
244,dataset/theater_resized/76.jpg,theater
245,dataset/theater_resized/158.jpg,theater
246,dataset/theater_resized/43.jpg,theater
247,dataset/theater_resized/147.JPG,theater
248,dataset/theater_resized/165.jpg,theater
249,dataset/theater_resized/238.jpg,theater
250,dataset/theater_resized/127.jpg,theater
251,dataset/theater_resized/152.jpg,theater
252,dataset/theater_resized/48.jpg,theater
253,dataset/theater_resized/260.jpg,theater
254,dataset/theater_resized/71.jpg,theater
255,dataset/theater_resized/245.jpg,theater
256,dataset/theater_resized/228.jpg,theater
257,dataset/theater_resized/61.jpg,theater
258,dataset/theater_resized/240.jpg,theater
259,dataset/theater_resized/217.jpg,theater
260,dataset/theater_resized/111.JPG,theater
261,dataset/theater_resized/218.jpg,theater
262,dataset/theater_resized/239.jpg,theater
263,dataset/theater_resized/33.jpg,theater
264,dataset/theater_resized/83.jpg,theater
265,dataset/theater_resized/59.jpg,theater
266,dataset/theater_resized/194.jpg,theater
267,dataset/theater_resized/18.jpg,theater
268,dataset/theater_resized/110.jpg,theater
269,dataset/theater_resized/122.jpg,theater
270,dataset/theater_resized/200.jpg,theater
271,dataset/theater_resized/161.jpg,theater
272,dataset/petra_resized/449.jpg,petra
273,dataset/petra_resized/438.jpg,petra
274,dataset/petra_resized/436.jpg,petra
275,dataset/petra_resized/227.jpg,petra
276,dataset/petra_resized/8.jpg,petra
277,dataset/petra_resized/305.jpg,petra
278,dataset/petra_resized/398.jpg,petra
279,dataset/petra_resized/448.jpg,petra
280,dataset/petra_resized/34.jpg,petra
281,dataset/petra_resized/55.jpg,petra
282,dataset/petra_resized/324.jpg,petra
283,dataset/petra_resized/551.jpg,petra
284,dataset/petra_resized/568.jpg,petra
285,dataset/petra_resized/231.jpg,petra
286,dataset/petra_resized/625.jpg,petra
287,dataset/petra_resized/443.jpg,petra
288,dataset/petra_resized/584.jpg,petra
289,dataset/petra_resized/216.jpg,petra
290,dataset/petra_resized/617.jpg,petra
291,dataset/petra_resized/502.jpg,petra
292,dataset/petra_resized/566.jpg,petra
293,dataset/petra_resized/129.jpeg,petra
294,dataset/petra_resized/477.JPG,petra
295,dataset/petra_resized/467.jpg,petra
296,dataset/petra_resized/479.jpg,petra
297,dataset/petra_resized/234.jpg,petra
298,dataset/petra_resized/597.jpg,petra
299,dataset/petra_resized/381.jpg,petra
300,dataset/petra_resized/316.jpg,petra
301,dataset/petra_resized/213.jpg,petra
302,dataset/petra_resized/462.jpg,petra
303,dataset/petra_resized/623.jpg,petra
304,dataset/petra_resized/315.jpg,petra
305,dataset/petra_resized/93.jpg,petra
306,dataset/petra_resized/169.jpg,petra
307,dataset/petra_resized/470.jpg,petra
308,dataset/petra_resized/410.jpg,petra
309,dataset/petra_resized/84.jpg,petra
310,dataset/petra_resized/80.jpg,petra
311,dataset/petra_resized/85.jpg,petra
312,dataset/petra_resized/524.jpg,petra
313,dataset/petra_resized/366.jpg,petra
314,dataset/petra_resized/251.jpg,petra
315,dataset/petra_resized/52.JPG,petra
316,dataset/petra_resized/621.jpg,petra
317,dataset/petra_resized/311.jpg,petra
318,dataset/petra_resized/550.jpg,petra
319,dataset/petra_resized/314.JPG,petra
320,dataset/petra_resized/655.jpg,petra
321,dataset/petra_resized/330.jpg,petra
322,dataset/petra_resized/282.jpg,petra
323,dataset/petra_resized/642.jpg,petra
324,dataset/petra_resized/273.jpg,petra
325,dataset/petra_resized/115.jpg,petra
326,dataset/petra_resized/457.jpg,petra
327,dataset/petra_resized/269.jpg,petra
328,dataset/petra_resized/650.jpg,petra
329,dataset/petra_resized/341.jpg,petra
330,dataset/petra_resized/641.jpg,petra
331,dataset/petra_resized/500.jpg,petra
332,dataset/petra_resized/3.jpg,petra
333,dataset/petra_resized/604.jpg,petra
334,dataset/petra_resized/333.jpg,petra
335,dataset/petra_resized/181.jpg,petra
336,dataset/petra_resized/468.jpg,petra
337,dataset/petra_resized/301.jpg,petra
338,dataset/petra_resized/111.jpg,petra
339,dataset/petra_resized/526.jpg,petra
340,dataset/petra_resized/542.jpg,petra
341,dataset/petra_resized/249.jpg,petra
342,dataset/petra_resized/445.jpg,petra
343,dataset/petra_resized/17.jpg,petra
344,dataset/petra_resized/327.jpg,petra
345,dataset/petra_resized/123.jpg,petra
346,dataset/petra_resized/236.jpg,petra
347,dataset/petra_resized/31.jpg,petra
348,dataset/petra_resized/657.jpg,petra
349,dataset/petra_resized/363.jpg,petra
350,dataset/petra_resized/171.jpeg,petra
351,dataset/petra_resized/229.jpg,petra
352,dataset/petra_resized/208.jpg,petra
353,dataset/petra_resized/191.jpg,petra
354,dataset/petra_resized/275.jpg,petra
355,dataset/petra_resized/261.jpg,petra
356,dataset/petra_resized/403.jpg,petra
357,dataset/petra_resized/266.jpg,petra
358,dataset/petra_resized/432.jpg,petra
359,dataset/petra_resized/118.jpg,petra
360,dataset/petra_resized/202.jpg,petra
361,dataset/petra_resized/86.jpg,petra
362,dataset/petra_resized/133.jpg,petra
363,dataset/petra_resized/636.jpg,petra
364,dataset/petra_resized/519.jpg,petra
365,dataset/petra_resized/211.jpg,petra
366,dataset/petra_resized/599.jpg,petra
367,dataset/petra_resized/653.jpg,petra
368,dataset/petra_resized/583.jpg,petra
369,dataset/petra_resized/271.jpg,petra
370,dataset/petra_resized/97.jpg,petra
371,dataset/petra_resized/290.jpg,petra
372,dataset/petra_resized/286.jpg,petra
373,dataset/petra_resized/399.jpg,petra
374,dataset/petra_resized/1.jpg,petra
375,dataset/petra_resized/388.jpg,petra
376,dataset/petra_resized/549.jpg,petra
377,dataset/petra_resized/574.jpg,petra
378,dataset/petra_resized/494.jpg,petra
379,dataset/petra_resized/635.jpg,petra
380,dataset/petra_resized/407.jpg,petra
381,dataset/petra_resized/406.jpg,petra
382,dataset/petra_resized/531.jpg,petra
383,dataset/petra_resized/426.jpg,petra
384,dataset/petra_resized/350.jpg,petra
385,dataset/petra_resized/51.jpg,petra
386,dataset/petra_resized/375.jpg,petra
387,dataset/petra_resized/40.jpg,petra
388,dataset/petra_resized/192.jpg,petra
389,dataset/petra_resized/474.jpg,petra
390,dataset/petra_resized/644.jpg,petra
391,dataset/petra_resized/538.jpg,petra
392,dataset/petra_resized/15.jpg,petra
393,dataset/petra_resized/248.jpg,petra
394,dataset/petra_resized/431.jpg,petra
395,dataset/petra_resized/576.jpg,petra
396,dataset/petra_resized/45.jpg,petra
397,dataset/petra_resized/220.jpg,petra
398,dataset/petra_resized/540.jpg,petra
399,dataset/petra_resized/184.jpg,petra
400,dataset/petra_resized/176.jpg,petra
401,dataset/petra_resized/405.jpg,petra
402,dataset/petra_resized/103.jpg,petra
403,dataset/petra_resized/154.jpg,petra
404,dataset/petra_resized/285.jpg,petra
405,dataset/petra_resized/492.jpg,petra
406,dataset/petra_resized/99.jpg,petra
407,dataset/petra_resized/607.jpg,petra
408,dataset/petra_resized/112.jpg,petra
409,dataset/petra_resized/379.jpg,petra
410,dataset/petra_resized/556.jpg,petra
411,dataset/petra_resized/303.jpg,petra
412,dataset/petra_resized/446.jpg,petra
413,dataset/petra_resized/207.jpg,petra
414,dataset/petra_resized/580.jpg,petra
415,dataset/petra_resized/298.JPG,petra
416,dataset/petra_resized/637.jpg,petra
417,dataset/petra_resized/565.jpg,petra
418,dataset/petra_resized/243.jpg,petra
419,dataset/petra_resized/373.jpg,petra
420,dataset/petra_resized/168.jpg,petra
421,dataset/petra_resized/308.jpg,petra
422,dataset/petra_resized/384.jpg,petra
423,dataset/petra_resized/296.jpg,petra
424,dataset/petra_resized/382.jpg,petra
425,dataset/petra_resized/14.jpg,petra
426,dataset/petra_resized/608.jpg,petra
427,dataset/petra_resized/643.JPG,petra
428,dataset/petra_resized/155.jpg,petra
429,dataset/petra_resized/104.jpg,petra
430,dataset/petra_resized/4.jpg,petra
431,dataset/petra_resized/605.jpg,petra
432,dataset/petra_resized/73.JPG,petra
433,dataset/petra_resized/411.jpg,petra
434,dataset/petra_resized/270.jpg,petra
435,dataset/petra_resized/573.jpg,petra
436,dataset/petra_resized/101.jpg,petra
437,dataset/petra_resized/481.jpg,petra
438,dataset/petra_resized/570.jpg,petra
439,dataset/petra_resized/461.jpg,petra
440,dataset/petra_resized/212.jpg,petra
441,dataset/petra_resized/30.jpg,petra
442,dataset/petra_resized/39.jpg,petra
443,dataset/petra_resized/320.jpg,petra
444,dataset/petra_resized/523.jpg,petra
445,dataset/petra_resized/138.jpg,petra
446,dataset/petra_resized/610.jpg,petra
447,dataset/petra_resized/67.jpg,petra
448,dataset/petra_resized/418.jpg,petra
449,dataset/petra_resized/255.jpg,petra
450,dataset/petra_resized/74.jpg,petra
451,dataset/petra_resized/232.jpg,petra
452,dataset/petra_resized/167.jpg,petra
453,dataset/petra_resized/517.tif,petra
454,dataset/petra_resized/415.jpg,petra
455,dataset/petra_resized/75.jpg,petra
456,dataset/petra_resized/25.jpg,petra
457,dataset/petra_resized/157.jpg,petra
458,dataset/petra_resized/560.jpg,petra
459,dataset/petra_resized/137.jpg,petra
460,dataset/petra_resized/536.jpg,petra
461,dataset/petra_resized/587.jpg,petra
462,dataset/petra_resized/226.jpg,petra
463,dataset/petra_resized/29.jpg,petra
464,dataset/petra_resized/472.jpg,petra
465,dataset/petra_resized/585.jpg,petra
466,dataset/petra_resized/656.jpg,petra
467,dataset/petra_resized/357.jpg,petra
468,dataset/petra_resized/553.jpg,petra
469,dataset/petra_resized/58.jpg,petra
470,dataset/petra_resized/284.jpg,petra
471,dataset/petra_resized/598.jpg,petra
472,dataset/petra_resized/484.jpg,petra
473,dataset/petra_resized/471.jpg,petra
474,dataset/petra_resized/575.jpg,petra
475,dataset/petra_resized/561.jpg,petra
476,dataset/petra_resized/371.jpg,petra
477,dataset/petra_resized/256.jpg,petra
478,dataset/petra_resized/442.jpg,petra
479,dataset/petra_resized/659.jpg,petra
480,dataset/petra_resized/156.jpg,petra
481,dataset/petra_resized/322.jpg,petra
482,dataset/petra_resized/414.jpg,petra
483,dataset/petra_resized/528.jpg,petra
484,dataset/petra_resized/20.jpg,petra
485,dataset/petra_resized/142.jpg,petra
486,dataset/petra_resized/347.jpg,petra
487,dataset/petra_resized/331.jpg,petra
488,dataset/petra_resized/546.jpg,petra
489,dataset/petra_resized/247.jpg,petra
490,dataset/petra_resized/394.jpg,petra
491,dataset/petra_resized/88.jpg,petra
492,dataset/petra_resized/201.JPG,petra
493,dataset/petra_resized/349.jpg,petra
494,dataset/petra_resized/130.jpg,petra
495,dataset/petra_resized/525.jpg,petra
496,dataset/petra_resized/334.jpg,petra
497,dataset/petra_resized/196.jpg,petra
498,dataset/petra_resized/447.jpg,petra
499,dataset/petra_resized/455.jpg,petra
500,dataset/petra_resized/486.jpg,petra
501,dataset/petra_resized/264.jpg,petra
502,dataset/petra_resized/124.jpg,petra
503,dataset/petra_resized/132.jpg,petra
504,dataset/petra_resized/283.jpg,petra
505,dataset/petra_resized/54.jpg,petra
506,dataset/petra_resized/318.jpg,petra
507,dataset/petra_resized/224.jpg,petra
508,dataset/petra_resized/453.jpg,petra
509,dataset/petra_resized/215.jpg,petra
510,dataset/petra_resized/230.jpg,petra
511,dataset/petra_resized/293.jpg,petra
512,dataset/petra_resized/175.jpg,petra
513,dataset/petra_resized/235.jpg,petra
514,dataset/petra_resized/503.jpg,petra
515,dataset/petra_resized/522.JPG,petra
516,dataset/petra_resized/81.jpg,petra
517,dataset/petra_resized/652.jpg,petra
518,dataset/petra_resized/44.jpg,petra
519,dataset/petra_resized/596.jpg,petra
520,dataset/petra_resized/627.jpg,petra
521,dataset/petra_resized/420.jpg,petra
522,dataset/petra_resized/265.jpg,petra
523,dataset/petra_resized/569.jpg,petra
524,dataset/petra_resized/46.jpg,petra
525,dataset/petra_resized/21.jpg,petra
526,dataset/petra_resized/332.jpg,petra
527,dataset/petra_resized/646.jpg,petra
528,dataset/petra_resized/582.jpg,petra
529,dataset/petra_resized/272.jpg,petra
530,dataset/petra_resized/53.jpg,petra
531,dataset/petra_resized/300.jpg,petra
532,dataset/petra_resized/221.jpg,petra
533,dataset/petra_resized/134.jpg,petra
534,dataset/petra_resized/628.jpg,petra
535,dataset/petra_resized/402.jpg,petra
536,dataset/petra_resized/647.jpg,petra
537,dataset/petra_resized/69.jpg,petra
538,dataset/petra_resized/24.jpg,petra
539,dataset/petra_resized/22.jpg,petra
540,dataset/petra_resized/441.jpg,petra
541,dataset/petra_resized/60.jpg,petra
542,dataset/petra_resized/37.jpg,petra
543,dataset/petra_resized/353.jpg,petra
544,dataset/petra_resized/2.jpg,petra
545,dataset/petra_resized/460.jpg,petra
546,dataset/petra_resized/359.jpg,petra
547,dataset/petra_resized/187.jpg,petra
548,dataset/petra_resized/141.jpg,petra
549,dataset/petra_resized/172.jpg,petra
550,dataset/petra_resized/521.jpg,petra
551,dataset/petra_resized/50.jpg,petra
552,dataset/petra_resized/578.jpg,petra
553,dataset/petra_resized/185.jpg,petra
554,dataset/petra_resized/654.JPG,petra
555,dataset/petra_resized/197.jpg,petra
556,dataset/petra_resized/125.jpg,petra
557,dataset/petra_resized/276.jpg,petra
558,dataset/petra_resized/312.jpg,petra
559,dataset/petra_resized/189.jpg,petra
560,dataset/petra_resized/544.jpg,petra
561,dataset/petra_resized/121.jpg,petra
562,dataset/petra_resized/164.jpg,petra
563,dataset/petra_resized/87.jpg,petra
564,dataset/petra_resized/291.jpg,petra
565,dataset/petra_resized/344.jpg,petra
566,dataset/petra_resized/435.jpg,petra
567,dataset/petra_resized/458.jpg,petra
568,dataset/petra_resized/593.jpg,petra
569,dataset/petra_resized/529.jpg,petra
570,dataset/petra_resized/5.jpg,petra
571,dataset/petra_resized/577.jpg,petra
572,dataset/petra_resized/329.jpg,petra
573,dataset/petra_resized/267.jpg,petra
574,dataset/petra_resized/615.jpg,petra
575,dataset/petra_resized/41.jpg,petra
576,dataset/petra_resized/387.jpg,petra
577,dataset/petra_resized/277.jpg,petra
578,dataset/petra_resized/372.jpg,petra
579,dataset/petra_resized/463.jpg,petra
580,dataset/petra_resized/268.jpg,petra
581,dataset/petra_resized/307.jpg,petra
582,dataset/petra_resized/640.jpg,petra
583,dataset/petra_resized/223.jpg,petra
584,dataset/petra_resized/182.jpg,petra
585,dataset/petra_resized/591.jpg,petra
586,dataset/petra_resized/278.JPG,petra
587,dataset/petra_resized/225.jpg,petra
588,dataset/petra_resized/19.jpg,petra
589,dataset/petra_resized/338.jpg,petra
590,dataset/petra_resized/295.jpg,petra
591,dataset/petra_resized/107.jpg,petra
592,dataset/petra_resized/541.jpg,petra
593,dataset/petra_resized/639.jpg,petra
594,dataset/petra_resized/430.jpg,petra
595,dataset/petra_resized/620.jpg,petra
596,dataset/petra_resized/506.jpg,petra
597,dataset/petra_resized/456.jpg,petra
598,dataset/petra_resized/100.jpg,petra
599,dataset/petra_resized/444.jpg,petra
600,dataset/petra_resized/464.jpg,petra
601,dataset/petra_resized/108.jpg,petra
602,dataset/petra_resized/618.jpg,petra
603,dataset/petra_resized/159.jpg,petra
604,dataset/petra_resized/361.jpg,petra
605,dataset/petra_resized/89.jpg,petra
606,dataset/petra_resized/512.jpg,petra
607,dataset/petra_resized/369.jpg,petra
608,dataset/petra_resized/237.jpg,petra
609,dataset/petra_resized/408.jpg,petra
610,dataset/petra_resized/10.jpg,petra
611,dataset/petra_resized/325.jpg,petra
612,dataset/petra_resized/631.jpg,petra
613,dataset/petra_resized/149.jpg,petra
614,dataset/petra_resized/222.jpg,petra
615,dataset/petra_resized/78.jpg,petra
616,dataset/petra_resized/339.jpg,petra
617,dataset/petra_resized/166.jpg,petra
618,dataset/petra_resized/119.jpg,petra
619,dataset/petra_resized/139.jpg,petra
620,dataset/petra_resized/143.jpg,petra
621,dataset/petra_resized/82.jpg,petra
622,dataset/petra_resized/203.jpg,petra
623,dataset/petra_resized/595.jpg,petra
624,dataset/petra_resized/56.jpg,petra
625,dataset/petra_resized/362.jpg,petra
626,dataset/petra_resized/313.jpg,petra
627,dataset/petra_resized/532.jpg,petra
628,dataset/petra_resized/109.jpg,petra
629,dataset/petra_resized/374.jpg,petra
630,dataset/petra_resized/651.jpg,petra
631,dataset/petra_resized/629.jpg,petra
632,dataset/petra_resized/241.jpg,petra
633,dataset/petra_resized/417.jpg,petra
634,dataset/petra_resized/534.jpg,petra
635,dataset/petra_resized/508.jpg,petra
636,dataset/petra_resized/516.jpg,petra
637,dataset/petra_resized/66.JPG,petra
638,dataset/petra_resized/645.jpg,petra
639,dataset/petra_resized/537.jpg,petra
640,dataset/petra_resized/262.jpg,petra
641,dataset/petra_resized/162.jpg,petra
642,dataset/petra_resized/380.jpg,petra
643,dataset/petra_resized/389.jpg,petra
644,dataset/petra_resized/96.jpg,petra
645,dataset/petra_resized/391.jpg,petra
646,dataset/petra_resized/356.tif,petra
647,dataset/petra_resized/140.jpg,petra
648,dataset/petra_resized/259.jpg,petra
649,dataset/petra_resized/558.jpg,petra
650,dataset/petra_resized/358.jpg,petra
651,dataset/petra_resized/385.jpg,petra
652,dataset/petra_resized/352.jpg,petra
653,dataset/petra_resized/174.jpg,petra
654,dataset/petra_resized/173.jpg,petra
655,dataset/petra_resized/281.jpg,petra
656,dataset/petra_resized/244.jpg,petra
657,dataset/petra_resized/147.jpg,petra
658,dataset/petra_resized/199.jpg,petra
659,dataset/petra_resized/178.jpg,petra
660,dataset/petra_resized/113.jpg,petra
661,dataset/petra_resized/117.jpg,petra
662,dataset/petra_resized/297.jpg,petra
663,dataset/petra_resized/396.jpg,petra
664,dataset/petra_resized/214.jpg,petra
665,dataset/petra_resized/485.jpg,petra
666,dataset/petra_resized/36.jpg,petra
667,dataset/petra_resized/660.jpg,petra
668,dataset/petra_resized/106.jpg,petra
669,dataset/petra_resized/163.jpg,petra
670,dataset/petra_resized/126.jpg,petra
671,dataset/petra_resized/581.jpg,petra
672,dataset/petra_resized/23.jpg,petra
673,dataset/petra_resized/425.jpg,petra
674,dataset/petra_resized/572.jpg,petra
675,dataset/petra_resized/504.jpg,petra
676,dataset/petra_resized/179.jpg,petra
677,dataset/petra_resized/190.jpg,petra
678,dataset/petra_resized/340.jpg,petra
679,dataset/petra_resized/649.jpg,petra
680,dataset/petra_resized/351.jpg,petra
681,dataset/petra_resized/279.jpg,petra
682,dataset/petra_resized/205.jpg,petra
683,dataset/petra_resized/539.jpg,petra
684,dataset/petra_resized/365.jpg,petra
685,dataset/petra_resized/193.jpg,petra
686,dataset/petra_resized/622.jpg,petra
687,dataset/petra_resized/38.jpg,petra
688,dataset/petra_resized/98.jpg,petra
689,dataset/petra_resized/450.jpg,petra
690,dataset/petra_resized/348.jpg,petra
691,dataset/petra_resized/145.jpg,petra
692,dataset/petra_resized/28.jpg,petra
693,dataset/petra_resized/422.jpg,petra
694,dataset/petra_resized/209.jpg,petra
695,dataset/petra_resized/274.jpg,petra
696,dataset/petra_resized/554.jpg,petra
697,dataset/petra_resized/287.jpg,petra
698,dataset/petra_resized/210.jpg,petra
699,dataset/petra_resized/501.jpg,petra
700,dataset/petra_resized/368.tif,petra
701,dataset/petra_resized/428.jpg,petra
702,dataset/petra_resized/6.jpg,petra
703,dataset/petra_resized/496.jpg,petra
704,dataset/petra_resized/412.jpg,petra
705,dataset/petra_resized/116.jpg,petra
706,dataset/petra_resized/482.jpg,petra
707,dataset/petra_resized/397.JPG,petra
708,dataset/petra_resized/170.jpg,petra
709,dataset/petra_resized/91.jpg,petra
710,dataset/petra_resized/148.jpg,petra
711,dataset/petra_resized/518.jpg,petra
712,dataset/petra_resized/309.jpg,petra
713,dataset/petra_resized/9.jpg,petra
714,dataset/petra_resized/400.jpg,petra
715,dataset/petra_resized/105.jpg,petra
716,dataset/petra_resized/204.jpg,petra
717,dataset/petra_resized/336.jpg,petra
718,dataset/petra_resized/497.jpg,petra
719,dataset/petra_resized/603.jpg,petra
720,dataset/petra_resized/634.jpg,petra
721,dataset/petra_resized/120.jpg,petra
722,dataset/petra_resized/515.jpg,petra
723,dataset/petra_resized/543.jpg,petra
724,dataset/petra_resized/638.jpg,petra
725,dataset/petra_resized/439.jpg,petra
726,dataset/petra_resized/507.jpg,petra
727,dataset/petra_resized/306.jpg,petra
728,dataset/petra_resized/12.jpg,petra
729,dataset/petra_resized/548.jpg,petra
730,dataset/petra_resized/233.jpg,petra
731,dataset/petra_resized/530.jpg,petra
732,dataset/petra_resized/413.jpg,petra
733,dataset/petra_resized/451.jpg,petra
734,dataset/petra_resized/68.jpg,petra
735,dataset/petra_resized/0.jpg,petra
736,dataset/petra_resized/254.JPG,petra
737,dataset/petra_resized/547.jpg,petra
738,dataset/petra_resized/128.jpg,petra
739,dataset/petra_resized/90.JPG,petra
740,dataset/petra_resized/511.jpg,petra
741,dataset/petra_resized/392.jpg,petra
742,dataset/petra_resized/533.jpg,petra
743,dataset/petra_resized/535.jpg,petra
744,dataset/petra_resized/594.jpg,petra
745,dataset/petra_resized/364.jpg,petra
746,dataset/petra_resized/94.jpg,petra
747,dataset/petra_resized/592.jpg,petra
748,dataset/petra_resized/661.jpg,petra
749,dataset/petra_resized/49.jpg,petra
750,dataset/petra_resized/32.jpg,petra
751,dataset/petra_resized/609.jpg,petra
752,dataset/petra_resized/42.jpg,petra
753,dataset/petra_resized/434.jpg,petra
754,dataset/petra_resized/459.jpg,petra
755,dataset/petra_resized/102.jpg,petra
756,dataset/petra_resized/614.jpg,petra
757,dataset/petra_resized/177.jpg,petra
758,dataset/petra_resized/198.jpg,petra
759,dataset/petra_resized/616.jpg,petra
760,dataset/petra_resized/571.jpg,petra
761,dataset/petra_resized/257.jpg,petra
762,dataset/petra_resized/258.jpg,petra
763,dataset/petra_resized/136.jpg,petra
764,dataset/petra_resized/288.jpg,petra
765,dataset/petra_resized/310.jpg,petra
766,dataset/petra_resized/135.jpg,petra
767,dataset/petra_resized/601.jpg,petra
768,dataset/petra_resized/376.jpg,petra
769,dataset/petra_resized/26.jpg,petra
770,dataset/petra_resized/79.jpg,petra
771,dataset/petra_resized/70.jpg,petra
772,dataset/petra_resized/386.jpg,petra
773,dataset/petra_resized/72.jpg,petra
774,dataset/petra_resized/475.jpg,petra
775,dataset/petra_resized/326.jpg,petra
776,dataset/petra_resized/114.jpg,petra
777,dataset/petra_resized/552.jpg,petra
778,dataset/petra_resized/589.jpg,petra
779,dataset/petra_resized/292.jpg,petra
780,dataset/petra_resized/95.jpg,petra
781,dataset/petra_resized/345.jpg,petra
782,dataset/petra_resized/150.jpg,petra
783,dataset/petra_resized/47.jpg,petra
784,dataset/petra_resized/559.jpg,petra
785,dataset/petra_resized/355.jpg,petra
786,dataset/petra_resized/489.jpg,petra
787,dataset/petra_resized/62.jpg,petra
788,dataset/petra_resized/478.jpg,petra
789,dataset/petra_resized/433.jpg,petra
790,dataset/petra_resized/144.jpg,petra
791,dataset/petra_resized/579.jpg,petra
792,dataset/petra_resized/424.jpg,petra
793,dataset/petra_resized/555.jpg,petra
794,dataset/petra_resized/246.jpg,petra
795,dataset/petra_resized/302.jpg,petra
796,dataset/petra_resized/299.jpg,petra
797,dataset/petra_resized/65.jpg,petra
798,dataset/petra_resized/151.jpg,petra
799,dataset/petra_resized/466.jpg,petra
800,dataset/petra_resized/294.jpg,petra
801,dataset/petra_resized/27.jpg,petra
802,dataset/petra_resized/183.jpg,petra
803,dataset/petra_resized/63.jpg,petra
804,dataset/petra_resized/337.jpg,petra
805,dataset/petra_resized/343.jpg,petra
806,dataset/petra_resized/206.jpg,petra
807,dataset/petra_resized/557.jpg,petra
808,dataset/petra_resized/92.jpg,petra
809,dataset/petra_resized/602.jpg,petra
810,dataset/petra_resized/498.jpg,petra
811,dataset/petra_resized/252.jpg,petra
812,dataset/petra_resized/452.jpg,petra
813,dataset/petra_resized/64.jpg,petra
814,dataset/petra_resized/378.jpg,petra
815,dataset/petra_resized/180.jpg,petra
816,dataset/petra_resized/409.jpg,petra
817,dataset/petra_resized/57.jpg,petra
818,dataset/petra_resized/429.jpg,petra
819,dataset/petra_resized/600.jpg,petra
820,dataset/petra_resized/321.jpg,petra
821,dataset/petra_resized/188.jpg,petra
822,dataset/petra_resized/483.jpg,petra
823,dataset/petra_resized/219.jpg,petra
824,dataset/petra_resized/253.jpg,petra
825,dataset/petra_resized/648.jpg,petra
826,dataset/petra_resized/480.jpg,petra
827,dataset/petra_resized/146.jpg,petra
828,dataset/petra_resized/632.jpg,petra
829,dataset/petra_resized/160.jpg,petra
830,dataset/petra_resized/613.jpg,petra
831,dataset/petra_resized/437.jpg,petra
832,dataset/petra_resized/263.jpg,petra
833,dataset/petra_resized/35.jpg,petra
834,dataset/petra_resized/440.JPG,petra
835,dataset/petra_resized/487.jpg,petra
836,dataset/petra_resized/630.jpg,petra
837,dataset/petra_resized/360.jpg,petra
838,dataset/petra_resized/423.jpg,petra
839,dataset/petra_resized/250.jpg,petra
840,dataset/petra_resized/13.jpg,petra
841,dataset/petra_resized/611.jpg,petra
842,dataset/petra_resized/195.jpg,petra
843,dataset/petra_resized/454.jpg,petra
844,dataset/petra_resized/419.jpg,petra
845,dataset/petra_resized/131.jpg,petra
846,dataset/petra_resized/7.jpg,petra
847,dataset/petra_resized/11.jpg,petra
848,dataset/petra_resized/186.jpg,petra
849,dataset/petra_resized/16.jpg,petra
850,dataset/petra_resized/354.jpg,petra
851,dataset/petra_resized/383.jpg,petra
852,dataset/petra_resized/242.jpg,petra
853,dataset/petra_resized/619.jpg,petra
854,dataset/petra_resized/319.jpg,petra
855,dataset/petra_resized/491.jpg,petra
856,dataset/petra_resized/77.jpg,petra
857,dataset/petra_resized/289.jpg,petra
858,dataset/petra_resized/76.jpg,petra
859,dataset/petra_resized/158.jpg,petra
860,dataset/petra_resized/43.jpg,petra
861,dataset/petra_resized/626.jpg,petra
862,dataset/petra_resized/509.JPG,petra
863,dataset/petra_resized/328.jpg,petra
864,dataset/petra_resized/165.jpg,petra
865,dataset/petra_resized/633.jpg,petra
866,dataset/petra_resized/238.jpg,petra
867,dataset/petra_resized/662.jpg,petra
868,dataset/petra_resized/473.jpg,petra
869,dataset/petra_resized/527.jpg,petra
870,dataset/petra_resized/317.jpg,petra
871,dataset/petra_resized/127.jpg,petra
872,dataset/petra_resized/588.jpg,petra
873,dataset/petra_resized/476.jpg,petra
874,dataset/petra_resized/377.jpg,petra
875,dataset/petra_resized/586.jpg,petra
876,dataset/petra_resized/563.jpg,petra
877,dataset/petra_resized/416.jpg,petra
878,dataset/petra_resized/367.jpg,petra
879,dataset/petra_resized/421.jpg,petra
880,dataset/petra_resized/370.jpg,petra
881,dataset/petra_resized/567.jpg,petra
882,dataset/petra_resized/323.jpg,petra
883,dataset/petra_resized/590.jpg,petra
884,dataset/petra_resized/465.jpg,petra
885,dataset/petra_resized/152.jpg,petra
886,dataset/petra_resized/48.jpg,petra
887,dataset/petra_resized/545.jpg,petra
888,dataset/petra_resized/260.jpg,petra
889,dataset/petra_resized/510.jpg,petra
890,dataset/petra_resized/488.jpg,petra
891,dataset/petra_resized/495.jpg,petra
892,dataset/petra_resized/513.jpg,petra
893,dataset/petra_resized/71.jpg,petra
894,dataset/petra_resized/245.jpg,petra
895,dataset/petra_resized/606.jpg,petra
896,dataset/petra_resized/228.jpg,petra
897,dataset/petra_resized/564.jpg,petra
898,dataset/petra_resized/514.png,petra
899,dataset/petra_resized/624.jpg,petra
900,dataset/petra_resized/493.jpg,petra
901,dataset/petra_resized/469.JPG,petra
902,dataset/petra_resized/490.jpg,petra
903,dataset/petra_resized/61.jpg,petra
904,dataset/petra_resized/395.jpg,petra
905,dataset/petra_resized/612.jpg,petra
906,dataset/petra_resized/240.jpg,petra
907,dataset/petra_resized/217.jpg,petra
908,dataset/petra_resized/427.jpg,petra
909,dataset/petra_resized/218.jpg,petra
910,dataset/petra_resized/304.jpg,petra
911,dataset/petra_resized/390.jpg,petra
912,dataset/petra_resized/499.jpg,petra
913,dataset/petra_resized/280.jpg,petra
914,dataset/petra_resized/239.jpg,petra
915,dataset/petra_resized/33.jpg,petra
916,dataset/petra_resized/401.jpg,petra
917,dataset/petra_resized/83.jpg,petra
918,dataset/petra_resized/393.jpg,petra
919,dataset/petra_resized/404.jpg,petra
920,dataset/petra_resized/342.jpg,petra
921,dataset/petra_resized/59.jpg,petra
922,dataset/petra_resized/194.jpg,petra
923,dataset/petra_resized/18.jpg,petra
924,dataset/petra_resized/110.jpg,petra
925,dataset/petra_resized/346.jpg,petra
926,dataset/petra_resized/122.jpg,petra
927,dataset/petra_resized/658.jpg,petra
928,dataset/petra_resized/200.jpg,petra
929,dataset/petra_resized/153.JPG,petra
930,dataset/petra_resized/562.jpg,petra
931,dataset/petra_resized/520.jpg,petra
932,dataset/petra_resized/335.TIF,petra
933,dataset/petra_resized/505.jpg,petra
934,dataset/petra_resized/161.jpg,petra
